Phi_Ave,Theta_Ave
-4.533159974821,-0.037778543538712295
