Phi_Ave,Theta_Ave
-17.175233030936106,-0.1431326608994631
