Phi_Ave,Theta_Ave
1.9330411428364123,0.016110544652053853
