Phi_Ave,Theta_Ave
4.005167363169765,0.03337736023047253
