Phi_Ave,Theta_Ave
1.8487748946042428,0.015407349579188098
