Phi_Ave,Theta_Ave
19.0470402878441,0.15873232796342496
