Phi_Ave,Theta_Ave
7.459227421510375,0.062162032813105825
