Phi_Ave,Theta_Ave
-0.4686139972580585,-0.0039052466269887624
