Phi_Ave,Theta_Ave
5.858639542367007,0.04882472917862233
