Phi_Ave,Theta_Ave
-22.2429387900742,-0.18536749775586286
