Phi_Ave,Theta_Ave
-4.578697465733994,-0.038158295019904254
