Phi_Ave,Theta_Ave
4.441808968094798,0.037017724664624094
