Phi_Ave,Theta_Ave
-15.253564802043659,-0.12711790580531357
