Phi_Ave,Theta_Ave
12.19311589066248,0.10161505692726523
