pkt,Channel,phase_all_antenna
0,23,-2.2434464278919086
1,4,1.7852097947181713
