Phi_Ave,Theta_Ave
1.7852097947181713,0.01487813591146601
