pkt,Channel,Phase_ant1,Phase_ant2,Phase_ant3,Phase_ant4,Magnitude_ant1,Magnitude_ant2,Magnitude_ant3,Magnitude_ant4
0,23,-1.257568423630448,-2.786507332396155,-4.410013654090479,-0.5196963014505445,426.82633868336427,414.6197644921192,418.88196325666934,423.9830395947439
1,4,1.4163748154579388,0.5633831092105813,-2.8302910034140925,2.5696293038252547,326.4163333884891,317.9926919789164,320.767291701749,324.30327895533065
